mean,lb,ub,survival,sig,dotColor1,dotColor2,dotColor
0.40820849398950876,0.40820849398951686,0.40820849398951686,1,1,1,2,2
0.0,0.0,0.0,0,0,0,1,0
0.0,0.0,0.0,0,0,0,1,0
0.0,0.0,0.0,0,0,0,1,0
0.14482599224945167,0.1448259922494528,0.1448259922494528,1,1,1,2,2
0.0,0.0,0.0,0,0,0,1,0
0.0,0.0,0.0,0,0,0,1,0
0.0,0.0,0.0,0,0,0,1,0
